-- phpMyAdmin SQL Dump
-- version 4.0.4
-- http://www.phpmyadmin.net
--
-- Host: localhost
-- Generation Time: Feb 17, 2014 at 05:44 PM
-- Server version: 5.6.12-log
-- PHP Version: 5.4.12

SET SQL_MODE = "NO_AUTO_VALUE_ON_ZERO";
SET time_zone = "+00:00";


/*!40101 SET @OLD_CHARACTER_SET_CLIENT=@@CHARACTER_SET_CLIENT */;
/*!40101 SET @OLD_CHARACTER_SET_RESULTS=@@CHARACTER_SET_RESULTS */;
/*!40101 SET @OLD_COLLATION_CONNECTION=@@COLLATION_CONNECTION */;
/*!40101 SET NAMES utf8 */;

--
-- Database: `xedulich`
--
CREATE DATABASE IF NOT EXISTS `xedulich` DEFAULT CHARACTER SET utf8 COLLATE utf8_unicode_ci;
USE `xedulich`;

-- --------------------------------------------------------

--
-- Table structure for table `chitietxe`
--

CREATE TABLE IF NOT EXISTS `chitietxe` (
  `IDchitietxe` int(5) NOT NULL AUTO_INCREMENT,
  `TenXe` varchar(255) COLLATE utf8_unicode_ci NOT NULL,
  `NamSx` int(5) NOT NULL,
  `Bienso` varchar(10) COLLATE utf8_unicode_ci NOT NULL,
  `Mota` varchar(255) COLLATE utf8_unicode_ci NOT NULL,
  `IDLoaixe` int(5) NOT NULL,
  `IDHangxe` int(5) NOT NULL,
  PRIMARY KEY (`IDchitietxe`)
) ENGINE=InnoDB DEFAULT CHARSET=utf8 COLLATE=utf8_unicode_ci AUTO_INCREMENT=6 ;

--
-- Dumping data for table `chitietxe`
--

INSERT INTO `chitietxe` (`IDchitietxe`, `TenXe`, `NamSx`, `Bienso`, `Mota`, `IDLoaixe`, `IDHangxe`) VALUES
(1, 'xe honda 1', 1999, '123456', 'xe honda 1aaaaaaaaaaaaaaa', 1, 1),
(2, 'xe honda 2', 2000, '949584', 'xe honda 2bbbbbbbbbbbbb', 1, 1),
(3, 'xe yamaha1', 2001, '546652', 'xe yamaha1aaaaaaaa', 1, 2),
(4, 'xe yamaha2', 2003, '9449kjl', 'xe yamaha2bbbbbbbbbbb', 2, 2),
(5, 'xe yamaha3', 2004, '345345', 'xe yamaha3cccccccc', 2, 2);

-- --------------------------------------------------------

--
-- Table structure for table `hangxe`
--

CREATE TABLE IF NOT EXISTS `hangxe` (
  `IDHangxe` int(5) NOT NULL AUTO_INCREMENT,
  `TenHangxe` varchar(100) COLLATE utf8_unicode_ci NOT NULL,
  `ThuTu` int(4) NOT NULL DEFAULT '1',
  `AnHien` tinyint(1) NOT NULL DEFAULT '1',
  PRIMARY KEY (`IDHangxe`)
) ENGINE=InnoDB  DEFAULT CHARSET=utf8 COLLATE=utf8_unicode_ci AUTO_INCREMENT=6 ;

--
-- Dumping data for table `hangxe`
--

INSERT INTO `hangxe` (`IDHangxe`, `TenHangxe`, `ThuTu`, `AnHien`) VALUES
(1, 'Honda', 1, 1),
(2, 'Toyota', 2, 1),
(3, 'Mercedes', 3, 1),
(4, 'Hyundai', 4, 1),
(5, 'Chevrolet', 5, 1);

-- --------------------------------------------------------

--
-- Table structure for table `khachhang`
--

CREATE TABLE IF NOT EXISTS `khachhang` (
  `IDUser` int(5) NOT NULL AUTO_INCREMENT,
  `TenKH` varchar(100) COLLATE utf8_unicode_ci NOT NULL,
  `PWord` varchar(100) COLLATE utf8_unicode_ci NOT NULL,
  `Email` varchar(255) COLLATE utf8_unicode_ci NOT NULL,
  `DiaChi` varchar(255) COLLATE utf8_unicode_ci NOT NULL,
  `CMND` varchar(10) COLLATE utf8_unicode_ci NOT NULL,
  `SoDT` varchar(12) COLLATE utf8_unicode_ci NOT NULL,
  `NgaySinh` date NOT NULL,
  `NgayDK` datetime NOT NULL,
  `Active` tinyint(1) NOT NULL DEFAULT '1',
  PRIMARY KEY (`IDUser`)
) ENGINE=InnoDB DEFAULT CHARSET=utf8 COLLATE=utf8_unicode_ci AUTO_INCREMENT=1 ;

-- --------------------------------------------------------

--
-- Table structure for table `loaichothue`
--

CREATE TABLE IF NOT EXISTS `loaichothue` (
  `IDThue` int(5) NOT NULL AUTO_INCREMENT,
  `TenThue` varchar(255) COLLATE utf8_unicode_ci NOT NULL,
  `ThuTu` int(5) NOT NULL DEFAULT '1',
  `AnHien` tinyint(1) NOT NULL DEFAULT '1',
  PRIMARY KEY (`IDThue`)
) ENGINE=InnoDB  DEFAULT CHARSET=utf8 COLLATE=utf8_unicode_ci AUTO_INCREMENT=4 ;

--
-- Dumping data for table `loaichothue`
--

INSERT INTO `loaichothue` (`IDThue`, `TenThue`, `ThuTu`, `AnHien`) VALUES
(1, 'Thuê xe tháng', 1, 1),
(2, 'Thuê xe du lịch', 2, 1),
(3, 'Thuê xe đám cưới', 3, 1);

-- --------------------------------------------------------

--
-- Table structure for table `loaithue_ctxe`
--

CREATE TABLE IF NOT EXISTS `loaithue_ctxe` (
  `IDThue` int(5) NOT NULL,
  `IDXe` int(5) NOT NULL,
  PRIMARY KEY (`IDThue`,`IDXe`)
) ENGINE=InnoDB DEFAULT CHARSET=utf8 COLLATE=utf8_unicode_ci;

--
-- Dumping data for table `loaithue_ctxe`
--

INSERT INTO `loaithue_ctxe` (`IDThue`, `IDXe`) VALUES
(1, 1),
(1, 2),
(1, 3),
(2, 1),
(2, 4),
(2, 5),
(3, 3);

-- --------------------------------------------------------

--
-- Table structure for table `loaixe`
--

CREATE TABLE IF NOT EXISTS `loaixe` (
  `IDLoaixe` int(5) NOT NULL AUTO_INCREMENT,
  `TenLoaixe` varchar(100) COLLATE utf8_unicode_ci NOT NULL,
  `ThuTu` int(11) NOT NULL,
  `AnHien` tinyint(1) NOT NULL DEFAULT '1',
  PRIMARY KEY (`IDLoaixe`)
) ENGINE=InnoDB  DEFAULT CHARSET=utf8 COLLATE=utf8_unicode_ci AUTO_INCREMENT=6 ;

--
-- Dumping data for table `loaixe`
--

INSERT INTO `loaixe` (`IDLoaixe`, `TenLoaixe`, `ThuTu`, `AnHien`) VALUES
(1, '5 Chỗ', 1, 1),
(2, '7 Chỗ', 2, 1),
(3, '16 chỗ', 3, 1),
(4, '24 - 29 chỗ', 4, 1),
(5, '35 - 45 chỗ', 5, 1);

-- --------------------------------------------------------

--
-- Table structure for table `tintuc`
--

CREATE TABLE IF NOT EXISTS `tintuc` (
  `id_tin` int(11) NOT NULL AUTO_INCREMENT,
  `TieuDe` varchar(255) COLLATE utf8_unicode_ci NOT NULL,
  `TomTat` varchar(255) COLLATE utf8_unicode_ci NOT NULL,
  `NoiDung` text COLLATE utf8_unicode_ci NOT NULL,
  `UrlHinh` varchar(255) COLLATE utf8_unicode_ci NOT NULL,
  `NgayThang` date DEFAULT NULL,
  `User` int(4) NOT NULL,
  `AnHien` tinyint(1) NOT NULL DEFAULT '1',
  PRIMARY KEY (`id_tin`)
) ENGINE=InnoDB  DEFAULT CHARSET=utf8 COLLATE=utf8_unicode_ci AUTO_INCREMENT=14 ;

--
-- Dumping data for table `tintuc`
--

INSERT INTO `tintuc` (`id_tin`, `TieuDe`, `TomTat`, `NoiDung`, `UrlHinh`, `NgayThang`, `User`, `AnHien`) VALUES
(1, 'Chrysler 300S 2014 có thêm tùy chọn nội thất màu xanh đậm', 'Cùng với một số thay đổi nhỏ về thiết kế ngoại thất, Chrysler 300S 2014 còn có thêm tùy chọn nội thất màu xanh đậm và một số trang bị cao cấp.', 'Chrysler 300S 2014 nhận được một số nâng cấp và thay đổi về thiết kế ngoại thất, và được bổ sung thêm màu xanh đậm bên trong cabin, đó là những thay đổi đáng chú ý ở chiếc sedan này.\n\n \nChrysler 300S 2014: Tinh chỉnh thiết kế và nội thất 1\n\nMột vài thay đổi nhỏ bên ngoài của Chrysler 300S 2014 như tay nắm cửa cùng tông màu với thân xe, cản trước được sửa đổi. Ngoài ra, chiếc xe còn có bộ đèn pha mới với viền nền màu đen, dải đèn LED chiếu sáng ban ngày, và những thay đổi tương tự cũng được tìm thấy ở đèn hậu.\n \nChrysler 300S 2014: Tinh chỉnh thiết kế và nội thất 5\n\nViền của bộ lưới tản nhiệt trên Chrysler 300S 2014 cũng được mạ crom màu đen, với các nan ngang mang thiết kế mới. Phía trước và phía sau của chiếc xe là logo Chrysler được mạ crom sáng, với dòng chữ Chrysler ở trung tâm và trên nền đen. Khách hàng cũng có thể tùy chọn nóc xe màu đen trên Chrysler 300S 2014.\n \nChrysler 300S 2014: Tinh chỉnh thiết kế và nội thất 2\n\nChiếc sedan cỡ lớn này được trang bị bộ la-zăng có đường kính 20 inch với thiết kế mới, riêng bản trang bị hệ truyền động bốn bánh được trang bị bộ la-zăng 19 inch.\n \nChrysler 300S 2014: Tinh chỉnh thiết kế và nội thất 3\n\nBên trong cabin, Chrysler bổ sung thêm tùy chọn nội thất màu xanh đậm, với những chiếc ghế bọc da Nappa. Bảng điều khiển trung tâm và các tay vịn cửa cũng được phủ chất liệu da màu xanh đậm tương ứng. Ở tựa lưng của chiếc xe được thêm chữ S.\n \nChrysler 300S 2014: Tinh chỉnh thiết kế và nội thất 4\n \nChrysler 300S được trang bị hệ thống thông tin giải trí UConnect, với màn hình cảm ứng 8,4 inch ở trung tâm, cùng hệ thống âm thanh của Beats by Dr.Dre, với 10 loa vệ tinh và một bộ khuếch đại 12 kênh.\n\nDưới nắp ca-pô của Chrysler 300S là khối động cơ Pentastar V6 3.6 lít, với công suất tối đa 300 mã lực, momen xoắn cực đại 358 Nm. Sức mạnh từ động cơ được truyền đi thông qua hộp số tự động tám cấp. Ngoài ra, khách hàng cung có thể tùy chọn động cơ Hemi V8 5.7 lít, với công suất tối đa 370 mã lực.\n\nChrysler 300S 2014 sẽ bắt đầu được bán ra vào mùa xuân năm 2014. Hiện mức giá của chiếc sedan này vẫn chưa được công bố.', 'Autopro-Chrysler-300S-(2)-27ecc.jpg', '2013-11-18', 1, 1),
(2, 'Yamaha Việt Nam làm mới hàng loạt sản phẩm', 'Sáng 15-11 vừa qua, Yamaha Motor Việt Nam (YMVN) đã tổ chức họp báo chính thức giới thiệu phiên bản mới của 5 dòng xe hiện đang có mặt tại Việt Nam bao gồm Nouvo SX, Nouvo GP, Exciter GP, Nozza phiên bản châu Âu và Jupiter Fi', 'Yahama Motor Việt Nam không ra mẫu xe mới như mọi người vẫn đồn đoán khi chịu sức ép từ các đối thủ cạnh tranh trực tiếp mà họ chủ yếu tập trung làm mới các dòng xe chủ lực hiện nay.Trong đó đáng chú ý và có nhiều sự thay đổi nhất được Yamaha chú trọng lần này là dòng NouvoSX và Nouvo GP với nhiều tính năng hiện đại và thiết kế mới\n\nĐiểm nhấn chính của dòng xe này là việc tích hợp vành mâm và lốp sau có kich thước lớn hơn cụ thể là 90/80 – 16M/C 51P so với thế hệ trước là 80/90 – 16M/C 48P, động cơ của dòng xe 125cc này được Yamaha trang bị công nghệ phun xăng điện tử YMJet-Fi, công nghệ này cho hiệu quả tiết kiệm nhiên liệu giảm 16% so với những dòng xe sử dụng bộ chế hòa khí, xy lanh DiASil và piston nhiệt đúc tạo khả năng tản nhiệt nhanh hơn và tăng khả năng phản ứng linh hoạt và một số cải tiến về ngoại thất và tiên ích như ngăn chứa đồ lớn hơn, chân chống giữa và bên với mặt tiếp xúc lớn hơn,…\nNouvo phiên bản RC\nNouvo phiên bản RC\nNouvo phiên bản SX\nNouvo phiên bản SX\n\nSản phẩm mang nhiều sự thay đổi kế tiếp là dùng xe Jupiter Fi với hai mẫu mới là Jupiter Fi RC và Juiter Fi Gravita. Với công nghệ Fi của Yamaha giúp giảm tiêu hao nhiên liệu 20% trong khi tăng hiệu suất động cơ têm 20% so với động cơ sử dụng bộ chế hòa khí. Yên sau được thiết kế mới có hình dáng thon gọn, tay nắm đuôi xe và bộ gác chân sau cũng được cải tiến để tạo nên nét mới cho dòng xe này', 'images951300_IMG_8014.jpg', '2013-11-18', 1, 1),
(3, 'Quy định xử phạt giao thông đường bộ, đường sắt', 'Thay mặt Chính phủ, Thủ tướng Nguyễn Tấn Dũng đã ký ban hành Nghị định số 171/2013/NĐ-CP, ngày 13/11/2013 của Chính phủ quy định xử phạt vi phạm hành chính trong lĩnh vực giao thông đường bộ và đường sắt.', '<div ng-hide="sum" ng-bind-html="model.Body">\r\n <p>Các   hành vi vi phạm hành chính trong các lĩnh vực quản lý nhà nước khác liên   quan đến lĩnh vực giao thông đường bộ và đường sắt mà không quy định   tại Nghị định này thì áp dụng quy định tại các Nghị định quy định về xử   phạt vi phạm hành chính trong các lĩnh vực đó để xử phạt.</p>\r\n <p>Ngoài việc bị phạt tiền, người điều khiển xe vi phạm còn bị áp dụng   các hình thức xử phạt bổ sung và phải thực hiện các biện pháp khắc phục   hậu quả đã gây ra.</p>\r\n <p>Nghị định quy định rõ, nếu vi phạm quy tắc giao thông đường bộ bị xử phạt từ 100 nghìn đến 15 triệu đồng, cụ thể:</p>\r\n <table width="460">\r\n  <tbody>\r\n   <tr>\r\n    <td><img alt="Phạt từ 600 - 800 nghìn đồng nếu điều khiển xe chạy quá 5 - 10 km/h" src="http://autonet.com.vn/dataimages/201311/original/images952590_i0umpc25.jpg" sign="00100000011221011" height="306" width="460" /></td>\r\n   </tr>\r\n   <tr>\r\n    <td>Phạt từ 600 - 800 nghìn đồng nếu điều khiển xe chạy quá 5 - 10 km/h</td>\r\n   </tr>\r\n  </tbody>\r\n </table>\r\n <p>Đối với người điều khiển xe ôtô: phạt tiền từ 600 - 800 nghìn đồng   nếu điều khiển xe chạy vượt quá 5 - 10 km/h so với tốc độ quy định; phạt   từ 2 - 3 triệu đồng nếu chạy quá 10 - 20 km/h so với tốc độ quy định;   phạt 4 - 6 triệu đồng nếu chạy quá 20 - 35 km/h so với tốc độ quy định,   phạt 7 - 8 triệu đồng nếu chạy quá 35 km/h so với tốc độ quy định.</p>\r\n <p>Phạt tiền từ 600 - 800 nghìn đồng nếu người điều khiển xe chuyển   hướng không giảm tốc độ hoặc không có tín hiệu báo hướng rẽ, không sử   dụng đủ đèn chiếu sáng khi trời tối hoặc khi sương mù, thời tiết xấu hạn   chế tầm nhìn.</p>\r\n <p>Phạt tiền từ 10 - 15 triệu đồng nếu điều khiển xe mà trong máu hoặc   hơi thở có nồng độ cồn vượt quá 80mg/100ml máu hoặc vượt quá 0,4mg/1 lít   khí thở hoặc không chấp hành yêu cầu kiểm tra về chất ma túy, nồng độ   cồn của người kiểm soát giao thông. Tước quyền sử dụng Giấy phép lái xe   24 tháng hoặc phạt tiền từ 8 -10 triệu đồng đối với người điều khiển xe   trên đường mà trong cơ thể có chất ma túy.</p>\r\n <table width="460">\r\n  <tbody>\r\n   <tr>\r\n    <td><img alt="Phạt tiền từ 600 - 800 nghìn đồng lỗi điều khiển xe chuyển hướng" src="http://autonet.com.vn/dataimages/201311/original/images952591_zz5297nd.jpg" sign="01111011210000000" height="306" width="460" /></td>\r\n   </tr>\r\n   <tr>\r\n    <td>Phạt tiền từ 600 - 800 nghìn đồng lỗi điều khiển xe chuyển hướng</td>\r\n   </tr>\r\n  </tbody>\r\n </table>\r\n <p>Đối với người điều khiển xe môtô: Phạt 80 - 100 nghìn đồng nếu chuyển   làn đường không đúng nơi được phép hoặc không có tín hiệu báo trước,   điều khiển xe chạy dàn hàng ngang từ 3 xe trở lên, không sử dụng đèn   chiếu sáng khi trời tối hoặc sương mù, thời tiết xấu hạn chế tầm nhìn,   bấm còi trong thời gian từ 22h hôm trước đến 5h ngày hôm sau, sử dụng   đèn chiếu sáng xa trong đô thị, khu đông dân cư, trừ các xe ưu tiên đang   đi làm nhiệm vụ...</p>\r\n <p>Phạt tiền từ 100 - 200 nghìn đồng nếu điều khiển xe chạy quá từ 5 -   10 km/h so với tốc độ quy định; phạt 500 nghìn đến 1 triệu đồng nếu quá   từ 10 - 20 km/h và phạt 2 - 3 triệu đồng chạy quá trên 20km/h so với tốc   độ quy định.</p>\r\n <table width="460">\r\n  <tbody>\r\n   <tr>\r\n    <td><img alt="Phạt từ 10 - 15 triệu đồng nếu điều khiển xe hơi thở có nồng độ cồn vượt quá 80mg/100ml máu hoặc vượt quá 0,4mg/1 lít khí thở " src="http://autonet.com.vn/dataimages/201311/original/images952592_g0hcc9ug.jpg" sign="00222111111112221" height="306" width="460" /></td>\r\n   </tr>\r\n   <tr>\r\n    <td>Phạt từ 10 - 15 triệu đồng nếu điều khiển xe hơi thở có nồng độ cồn vượt quá 80mg/100ml máu hoặc vượt quá 0,4mg/1 lít khí thở</td>\r\n   </tr>\r\n  </tbody>\r\n </table>\r\n <p>Phạt tiền từ 200 - 400 nghìn đồng nếu chở theo từ 3 người trở lên   trên xe; khi đèn tín hiệu giao thông đã chuyển sang màu đỏ nhưng vẫn   tiếp tục đi, chạy xe dưới tốc độ tối thiểu trên những đoạn đường bộ có   quy định tốc độ tối thiểu cho phép. Phạt tiền từ 2 - 3 triệu đồng nếu sử   dụng chân chống hoặc vật khác quệt xuống đường khi xe đang chạy.</p>\r\n <p>Phạt từ 5 - 7 triệu đồng đối với các hành vi buông cả hay tay khi   đang điều khiển xe, dùng chân điều khiển xe, ngồi một bên điều khiển xe,   nằm trên yên xe điều khiển xe, thay người điều khiểu khi xe đang chạy,   quay người về phía sau để điều khiển xe, bịt mắt điều khiển xe, điều   khiển xe lạng lách hoặc đánh võng trên đường bộ trong, ngoài đô thị...</p>\r\n <table width="460">\r\n  <tbody>\r\n   <tr>\r\n    <td><img alt="Phạt từ 5 - 7 triệu đồng với các hành vi buông tay khi đang điều khiển xe" src="http://autonet.com.vn/dataimages/201311/original/images952593_j0p27biw.jpg" sign="00111111211112210" height="306" width="460" /></td>\r\n   </tr>\r\n   <tr>\r\n    <td>Phạt từ 5 - 7 triệu đồng với các hành vi buông tay khi đang điều khiển xe</td>\r\n   </tr>\r\n  </tbody>\r\n </table>\r\n <p>Phạt cảnh cáo người đủ từ 14 đến 16 tuổi điều khiển mô tô, xe gắn máy   (kể cả xe máy điện). Phạt tiền từ 80 - 120 nghìn đồng nếu người điều   khiển xe máy không có hoặc không mang theo Giấy chứng nhận bảo hiểm   trách nhiệm dân sự, không mang theo Giấy Đăng ký xe, Giấy phép lái xe.   Với người điều khiển xe ôtô, mức phạt cho những vi phạm này là từ 200 -   400 nghìn đồng...</p>\r\n <p>Nghị định còn quy định các mức xử phạt hành chính với người điều   khiển xe máy kéo, xe máy chuyên dùng; người điều khiển, người ngồi trên   xe đạp, xe đạp máy, người điều khiển xe thô sơ khác; người đi bộ; người   điều khiển, dẫn dắt súc vật, điều khiển xe súc vật kéo... vi phạm quy   tắc giao thông đường bộ.</p>\r\n <p>Với các vi phạm quy định về kết cấu hạ tầng giao thông đường bộ: bị   phạt từ 100 nghìn đồng đến 40 triệu đồng tùy từng hành vi và mức độ vi   phạm.</p>\r\n <table width="460">\r\n  <tbody>\r\n   <tr>\r\n    <td><img alt="Nghị định này có hiệu lực thi hành từ ngày 01/1/2014" src="http://autonet.com.vn/dataimages/201311/original/images952599_gpkfm31h.jpg" sign="01111111111221210" height="306" width="460" /></td>\r\n   </tr>\r\n   <tr>\r\n    <td>Nghị định này có hiệu lực thi hành từ ngày 01/1/2014</td>\r\n   </tr>\r\n  </tbody>\r\n </table>\r\n <p>Với các vi phạm quy định về phương tiện tham gia giao thông đường bộ:   bị phạt tiền từ 100 nghìn đến 15 triệu đồng, cụ thể: phạt tiền từ 5 -   10 triệu đồng với hành vi làm rơi, vãi chất thải trong quá trình thu   gom, vận chuyển; phạt từ 10 - 15 triệu với hành vi đổ rác, phế thải ra   đường phố không đúng quy định... Đặc biệt, riêng với hành vi vận chuyển   chất thải nguy hại hoặc có chứa chất phóng xạ không theo đúng quy định   về bảo vệ môi trường sẽ bị phạt đến 60 triệu đồng.</p>\r\n <p>Nghị định này có hiệu lực thi hành từ ngày 01/1/2014, thay thế các   Nghị định số 34/2010/NĐ-CP, ngày 2/4/2010; Nghị định số 71/2012/NĐ-CP,   ngày 19/9/2012; Nghị định số 44/2006/NĐ-CP, ngày 25/4/2006; Nghị định số   156/2007/NĐ-CP, ngày 19/10/2007 của Chính phủ.</p>\r\n</div>', 'images952590_i0umpc25.jpg', '2013-11-20', 1, 1),
(4, 'Xe MINI mới tiêu thụ nhiên liệu ngang ngửa Honda SH', 'Với 3,5 lít/100km, MINI 2014 có mức tiêu thụ nhiên liệu chỉ nhỉnh hơn mẫu xe máy Honda SH150i đôi chút (3,2 lít/100km) và đây chính là một trong những điểm ấn tượng của MINI thế hệ mới.', '<div ng-hide="sum" ng-bind-html="model.Body">\r\n <p>Bất   chấp được gọi là &ldquo;MINI&rdquo;, model mới dài hơn 98mm, rộng hơn 44mm và cao   hơn 7mm so với thế hệ hiện hành, còn chiều dài cơ sở tăng thêm 42mm, lên   2.495mm. Nhờ sự &ldquo;cơi nới&rdquo; này (3.821mm dài, 1.727mm rộng, 1.414mm cao),   MINI mới không chỉ giúp không gian cabin thêm rộng rãi mà còn cung cấp   dung tích khoang hành lý 211 lít, tăng 30%.</p>\r\n <p> </p>\r\n <p><a href="http://autodaily.vn/wp-content/uploads/2013/11/18/autodaily-mini-2014-1.jpg" rel="nofollow" target="_blank"><img title="autodaily-mini 2014 (1)" src="http://autodaily.vn/wp-content/uploads/2013/11/18/autodaily-mini-2014-1-529x297.jpg" alt="" sign="00000000000002000" height="280" width="500" /></a><br />\r\n  <em>Diện mạo của MINI 2014.</em></p>\r\n <p> </p>\r\n <p>MINI cho biết, model mới mang thiết kế hoàn toàn thay đổi nhưng rõ   ràng không có nhiều khác biệt so với phiên bản trước, với một vài chi   tiết lấy cảm hứng từ Rocketman concept. Hiện tai, xe có 3 sự lựa chọn   động cơ tăng áp đạt tiêu chuẩn Euro 6, sử dụng công nghệ stop/start.</p>\r\n <p> </p>\r\n <p>Bản Cooper cơ sở được trang bị động cơ 1.5L 3 xy-lanh, công suất 134   mã lực, mô-men xoắn 220Nm, tiêu thụ 4,4 lít/100km, lượng khí thải CO2   105g/km.</p>\r\n <p> </p>\r\n <p><a href="http://autodaily.vn/wp-content/uploads/2013/11/18/autodaily-mini-2014-2.jpg" rel="nofollow" target="_blank"><img title="autodaily-mini 2014 (2)" src="http://autodaily.vn/wp-content/uploads/2013/11/18/autodaily-mini-2014-2-529x297.jpg" alt="" sign="02211111110000000" height="280" width="500" /></a><br />\r\n  <em>MINI mới siêu tiết kiệm.</em></p>\r\n <p> </p>\r\n <p>Tiếp đến là bản Cooper D 1.5L diesel công suất 114 mã lực, mô-men   xoắn 269Nm. Xe chỉ tiêu thụ 3,5 lít/100km cùng mức khí thải CO2 92g/km.</p>\r\n <p> </p>\r\n <p>Bản Cooper S sử dụng động cơ xăng tăng áp 2.0L 4 xy-lanh, công suất   189 mã lực, mô-men xoắn 279 Nm. Mức tiêu thụ nhiên liệu của xe là 5,6   lít/100km, lượng khí thải CO2 133g/km.</p>\r\n <p> </p>\r\n <p>Tất cả 3 phiên bản động cơ đi kèm với hộp số sàn 6 cấp tiêu chuẩn   hoặc tùy chọn hộp số tự động 6 cấp. Với phiên bản thể thao, thời gian   chuyển số nhanh hơn cùng lẫy chuyển số trên vô-lăng.</p>\r\n <p> </p>\r\n <p>MINI mới sẽ có tùy chọn kiểm soát hệ thống treo biến thiên với 2 chế   độ: Comfort và Sport. La-zăng 15 inch là tiêu chuẩn trên Cooper và   Cooper D, còn Cooper S sử dụng la-zăng 16 inch. Nếu muốn, khách hàng có   thể đặt loại lên tới 18 inch.</p>\r\n <p> </p>\r\n <p><a href="http://autodaily.vn/wp-content/uploads/2013/11/18/autodaily-mini-2014-5.jpg" rel="nofollow" target="_blank"><img title="autodaily-mini 2014 (5)" src="http://autodaily.vn/wp-content/uploads/2013/11/18/autodaily-mini-2014-5-529x297.jpg" alt="" sign="00121111000000001" height="280" width="500" /></a><br />\r\n  <em>MINI mới sở hữu vật liệu tốt hơn.</em></p>\r\n <p> </p>\r\n <p>Vận hành trên platform UKL1 của BMW, MINI 2014 là chiếc xe đầu tiên   trong phân khúc sở hữu đèn pha và đèn hậu LED hoàn toàn. Những phiên bản   cao cấp có hệ thống thông tin giải trí 8.8 inch hoạt động tương tự   iDrive của BMW. Khoang nội thất sử dụng vật liệu tốt hơn và có thể trang   bị nhiều tùy chọn hỗ trợ cùng hàng ghế sau gập tỷ lệ 60/40.</p>\r\n <p> </p>\r\n <p>Tại Anh, MINI 2014 có giá 15.300 bảng cho bản Cooper tiêu chuẩn,   16.450 bảng bản Cooper D và 18.650 cho bản Cooper S. Xe sẽ có mặt trên   thị trường vào mùa xuân tới.</p>\r\n</div>', 'autodaily-mini-2014-1-529x297.jpg', '2013-11-20', 1, 1),
(5, 'Khám phá ngôi nhà thông minh Honda tại Saitama, Nhật Bản', 'Không chỉ vang danh bởi các dòng xe máy, ô tô, rô bốt và máy động lực, Honda Motor còn được biết đến bởi những dự án xây dựng những ngôi nhà thông minh và thân thiện với môi trường.', '<div ng-hide="sum" ng-bind-html="model.Body">\r\n <p>Nằm   trong chuỗi chương trình tìm hiểu những công nghệ mới của Honda Motor,   đoàn Việt Nam đã có buổi đến thăm ngôi nhà thông minh của hãng xe Nhật   tại thành phố Saitama, Nhật Bản.</p>\r\n <p> </p>\r\n <p><a href="http://autodaily.vn/wp-content/uploads/2013/11/18/DSC1978.jpg" rel="nofollow" target="_blank"><img title="_DSC1978" src="http://autodaily.vn/wp-content/uploads/2013/11/18/DSC1978.jpg" alt="" sign="01112111111101210" height="280" width="500" /></a></p>\r\n <p><em>Ngôi nhà thông minh của hãng xe Honda tại thành phố Saitama, Nhật Bản.</em></p>\r\n <p> </p>\r\n <p>Hệ thống nhà thông minh – Honda Smart Home System (HSHS) được thiết   kế với mục tiêu bảo vệ môi trường bằng cách giảm 50% lượng khí CO2 thải   ra môi trường trong quá trình sử dụng các hệ thống năng lượng trong gia   đình. Đồng thời, hệ thống thông minh này được quản lý từ xa bằng các sản   phẩm di động như điện thoại thông minh, máy tính bảng.</p>\r\n <p> </p>\r\n <p><a href="http://autodaily.vn/wp-content/uploads/2013/11/18/DSC1984.jpg" rel="nofollow" target="_blank"><img title="_DSC1984" src="http://autodaily.vn/wp-content/uploads/2013/11/18/DSC1984-180x100.jpg" alt="" sign="01211111122112200" height="100" width="180" /></a> <a href="http://autodaily.vn/wp-content/uploads/2013/11/18/DSC1964.jpg" rel="nofollow" target="_blank"><img title="_DSC1964" src="http://autodaily.vn/wp-content/uploads/2013/11/18/DSC1964-180x100.jpg" alt="" sign="00000001111220000" height="100" width="180" /></a> <a href="http://autodaily.vn/wp-content/uploads/2013/11/18/DSC1970.jpg" rel="nofollow" target="_blank"><img title="_DSC1970" src="http://autodaily.vn/wp-content/uploads/2013/11/18/DSC1970-180x100.jpg" alt="" sign="00000000000120000" height="100" width="180" /></a></p>\r\n <p><em>Chủ nhân có thể điều khiển hoạt động từ xa của hệ thống   nước nóng, sưởi sàn,… trong nhà bằng điện thoại thông minh, máy tính   bảng, thậm chí thông qua màn hình trên xe hơi.</em></p>\r\n <p> </p>\r\n <p>Người dùng HSHS có các nguồn năng lượng dự trữ để dùng khi xảy ra   thiên tai. Các nguồn năng lượng bao gồm, hệ thóng điện lưới, pin mặt   trời, hệ thống ga đô thị, hệ thống ga bình. Khi một trong các hệ thống   trên gặp sự cố, luôn có hệ thống khách hỗ trợ vận hành năng lượng cho   ngôi nhà. Ngay cả các pin của xe cũng có thể được dùng vào mục đích cấp   điện cho ngôi nhà khi có động đất, sóng thần hay bão. Hệ thống còn cho   phép biến dòng điện một chiều từ chiếc xe ô tô điện thành dòng điện 2   chiều, phục vụ cho sinh hoạt gia đình khi tất cả các hệ thống trên gặp   sự cố.</p>\r\n <p> </p>\r\n <p>Đại diện Honda cho biết, Nhật Bản thường xuyên đối mặt với các thiên   tại như động đất, sóng thần, nên việc xây dựng ngôi nhà thông minh như   trên là rất cần thiết. Khi sự cố tồi tệ xảy ra, nếu hệ thống điện lưới,   hệ thống ga đô thị bị tê liệt… thì ngôi nhà vẫn có các nguồn năng lượng   khác để đáp ứng nhu cầu người sử dụng.</p>\r\n <p> </p>\r\n <p><a href="http://autodaily.vn/wp-content/uploads/2013/11/18/DSC1971.jpg" rel="nofollow" target="_blank"><img title="_DSC1971" src="http://autodaily.vn/wp-content/uploads/2013/11/18/DSC1971.jpg" alt="" sign="11111112222111110" height="280" width="500" /></a></p>\r\n <p><em>Ngay cả các pin của xe cũng có thể được dùng vào mục đích cấp điện cho ngôi nhà khi có động đất, sóng thần hay bão</em></p>\r\n <p> </p>\r\n <p>Các thành phần của HSHS bao gồm tấm pin năng lượng mặt trời mỏng làm   bằng bán dẫn Đồng-Indi-Gali-Selen (CIGS), hệ thống cung cấp gas/nước   nóng cùng với các phần cứng Smart e Mix Manager.</p>\r\n <p> </p>\r\n <p>Smart e Mix Manager, trái tim của HSHS, có nhiệm vụ tối ưu việc cấp   nguồn từ lưới điện cũng như việc sử dụng điện của các thiết bị khác   trong nhà (máy điều hòa, máy giặt, tủ lạnh,…). Trong tình huống khẩn   cấp, Smart e Mix Manager sẽ cung cấp nguồn điện dự phòng cho cả ngôi nhà   thông qua đơn vị pin đã đề cập ở trên.</p>\r\n <p> </p>\r\n <p>HSHS có chức năng thông báo tới người dùng về các thiết bị điện nào   có thể được tắt đi trước khi họ rời khỏi nhà, đồng thời tích hợp sẵn hệ   thống Internavi (chỉ có ở Nhật) để điều khiển các thiết bị gia dụng từ   xa bằng giọng nói.</p>\r\n <p> </p>\r\n <p><a href="http://autodaily.vn/wp-content/uploads/2013/11/18/DSC1985.jpg" rel="nofollow" target="_blank"><img title="_DSC1985" src="http://autodaily.vn/wp-content/uploads/2013/11/18/DSC1985-180x100.jpg" alt="" sign="12221112221112111" height="100" width="180" /></a> <a href="http://autodaily.vn/wp-content/uploads/2013/11/18/DSC1994.jpg" rel="nofollow" target="_blank"><img title="_DSC1994" src="http://autodaily.vn/wp-content/uploads/2013/11/18/DSC1994-180x100.jpg" alt="" sign="12211111111110011" height="100" width="180" /></a> <a href="http://autodaily.vn/wp-content/uploads/2013/11/18/DSC1999.jpg" rel="nofollow" target="_blank"><img title="_DSC1999" src="http://autodaily.vn/wp-content/uploads/2013/11/18/DSC1999-180x100.jpg" alt="" sign="22111110000000010" height="100" width="180" /></a></p>\r\n <p><em>Khi mất điện, chủ nhân có thể sử dụng nguồn điện ngay từ chiếc ô tô điện</em></p>\r\n <p> </p>\r\n <p>HSHS còn giúp tiết kiệm gas dùng trong việc sưởi/làm mát, nấu nước và   làm nóng nước. Đây là những chức năng tiêu thụ 60% lượng gas trong một   gia đình điển hình ở Nhật. Để giải quyết vấn đề này, HSHS có một hệ   thống đồng phát được điều khiển bởi một bộ máy mang tên EXlink (Extended   Expansion Linkage Engine) khiến cho quá trình phục hồi nhiệt và tạo   năng lượng có hiệu suất lên đến 92%.</p>\r\n <p> </p>\r\n <p><a href="http://autodaily.vn/wp-content/uploads/2013/11/18/DSC1954.jpg" rel="nofollow" target="_blank"><img title="_DSC1954" src="http://autodaily.vn/wp-content/uploads/2013/11/18/DSC1954-180x100.jpg" alt="" sign="21000001112122000" height="100" width="180" /></a> <a href="http://autodaily.vn/wp-content/uploads/2013/11/18/DSC1937.jpg" rel="nofollow" target="_blank"><img title="_DSC1937" src="http://autodaily.vn/wp-content/uploads/2013/11/18/DSC1937-180x100.jpg" alt="" sign="00000000112220000" height="100" width="180" /></a> <a href="http://autodaily.vn/wp-content/uploads/2013/11/18/DSC1957.jpg" rel="nofollow" target="_blank"><img title="_DSC1957" src="http://autodaily.vn/wp-content/uploads/2013/11/18/DSC1957-180x100.jpg" alt="" sign="00000011112220000" height="100" width="180" /></a></p>\r\n <p><em>Bên trong ngôi nhà thông minh đang được Honda thử nghiệm</em></p>\r\n <p> </p>\r\n <p>Dự án này được phối hợp giữa Honda Motor và trường đại học Saitama.   Hãng sẽ tiếp tục xây dựng thêm một công trình giống thế này để nghiên   cứu và nâng cao chất lượng. Dự kiến, năm 2014, toàn bộ các nhà ở thành   phố Saitama sẽ được áp dụng hệ thống thông minh trên. Đến nay, Honda vẫn   chưa công bố giá bán đối của hệ thống nhà thông minh HSHS.</p>\r\n</div>', 'DSC1978.jpg', '2013-11-20', 1, 1),
(6, 'Tp. Hồ Chí Minh: CSGT bắt 10 môtô đeo biển số Thái Lan', '10 xe môtô đeo biển số Thái Lan và một chiếc ôtô tay lái nghịch đã bị CSGT Rạch Chiếc chặn bắt vì đi vào đường cấm.', '<div>Vụ bắt giữ của đội CSGT Rạch Chiếc diễn ra vào lúc hơn 8 giờ sáng   ngày 20/11 tại ngã 3 xa lộ Hà Nội - đường 621 (phường Tân Phú, quận 9,   Tp. Hồ Chí Minh). Được biết, đây là nhóm ôtô và môtô đang tham gia hành   trình du lịch caravan từ Thái Lan đến Việt Nam.</div>\r\n<div><br />\r\n</div>\r\n<div>Theo   đó, 10 chiếc môtô mang biển số Thái Lan tham gia hành trình du lịch tại   Việt Nam theo lộ trình cửa khẩu Bờ Y (Kon tum) - Phan Thiết (Bình   Thuận) - Tp. Hồ Chí Minh - Đà Lạt (Lâm Đồng) - Pleiku (Gia Lai) - Bờ Y.   Khi lưu thông trên xa lộ Hà Nội hướng từ cầu Sài Gòn đi cầu Đồng Nai,   đoàn xe đã chạy vào đường cấm dành cho ôtô, xe tải và xe đầu kéo. Do đó,   đoàn xe đã bị lực lượng CSGT Rạch Chiếc chặn bắt.</div>\r\n<div><br />\r\n</div>\r\n<div>Qua   kiểm tra, ngoài lỗi vi phạm chạy vào đường cấm, những người điều khiển   10 chiếc môtô kể trên đều không xuất trình được giấy tờ đăng ký xe. Tất   cả đều không có giấy phép lái xe hợp lệ mà chỉ có giấy phép lái xe do   Thái Lan cấp.</div>\r\n<div><br />\r\n</div>\r\n<div>Khi đoàn xe bị CSGT Rạch Chiếc   chặn bắt, 2 hướng dẫn viên người Việt Nam đã trình ra văn bản có đóng   dấu &ldquo;hỏa tốc&rdquo; số 12153 của Bộ GTVT với nội dung: &ldquo;Chấp thuận công ty cổ   phần Dịch vụ Du lịch Thương mại Bình An tổ chức đoàn caravan ôtô và môtô   Thái Lan vào tham gia giao thông tại Việt Nam với mục đích du lịch từ   ngày 16-23/11&rdquo;.</div>\r\n<div><br />\r\n</div>\r\n<div>CSGT Rạch Chiếc đã đưa 10 chiếc   môtô và 1 ôtô về trụ sở của đội để tiếp tục xử lý. Bước đầu, công an   lập biên bản với các lỗi chạy vào đường cấm, không giấy phép lái xe và   không giấy đăng ký xe. Theo một số thông tin, những chiếc môtô trên có   giá hàng trăm triệu đồng/chiếc.</div>\r\n<div><br />\r\n</div>\r\n<div>Một số hình ảnh của đoàn môtô đeo biển số Thái Lan khi bị CSGT Rạch Chiếc chặn bắt:</div>\r\n<div><br />\r\n <img src="http://autopro1.vcmedia.vn/thumb_w/650/uMbdTKTBZPDdnoC4c09dtgDXJPU9N/Image/2013/11/autopro-doan-moto-thai-lan-bi-chan-bat-tai-viet-nam-%289%29-1fbd2.jpg" w="660" h="495" alt="Tp. Hồ Chí Minh: CSGT bắt 10 môtô đeo biển số Thái Lan 1" title="Tp. Hồ Chí Minh: CSGT bắt 10 môtô đeo biển số Thái Lan 1" lb="1" sign="00111111111101211" height="375" width="500" /></div>\r\n<div><br />\r\n <img src="http://autopro1.vcmedia.vn/thumb_w/650/uMbdTKTBZPDdnoC4c09dtgDXJPU9N/Image/2013/11/autopro-doan-moto-thai-lan-bi-chan-bat-tai-viet-nam-%283%29-1fbd2.jpg" w="660" h="495" alt="Tp. Hồ Chí Minh: CSGT bắt 10 môtô đeo biển số Thái Lan 2" title="Tp. Hồ Chí Minh: CSGT bắt 10 môtô đeo biển số Thái Lan 2" lb="2" sign="00011111121000020" height="375" width="500" /></div>\r\n<div><br />\r\n <img src="http://autopro1.vcmedia.vn/thumb_w/650/uMbdTKTBZPDdnoC4c09dtgDXJPU9N/Image/2013/11/autopro-doan-moto-thai-lan-bi-chan-bat-tai-viet-nam-%284%29-1fbd2.jpg" w="660" h="495" alt="Tp. Hồ Chí Minh: CSGT bắt 10 môtô đeo biển số Thái Lan 3" title="Tp. Hồ Chí Minh: CSGT bắt 10 môtô đeo biển số Thái Lan 3" lb="3" sign="00111111211110000" height="375" width="500" /></div>\r\n<div><br />\r\n</div>\r\n<div><img src="http://autopro1.vcmedia.vn/thumb_w/650/uMbdTKTBZPDdnoC4c09dtgDXJPU9N/Image/2013/11/autopro-doan-moto-thai-lan-bi-chan-bat-tai-viet-nam-%2810%29-1fbd2.jpg" w="660" h="495" alt="Tp. Hồ Chí Minh: CSGT bắt 10 môtô đeo biển số Thái Lan 4" title="Tp. Hồ Chí Minh: CSGT bắt 10 môtô đeo biển số Thái Lan 4" lb="4" sign="00111111111111112" height="375" width="500" /></div>\r\n<div><br />\r\n <img src="http://autopro1.vcmedia.vn/thumb_w/650/uMbdTKTBZPDdnoC4c09dtgDXJPU9N/Image/2013/11/autopro-doan-moto-thai-lan-bi-chan-bat-tai-viet-nam-%287%29-1fbd2.jpg" w="660" h="495" alt="Tp. Hồ Chí Minh: CSGT bắt 10 môtô đeo biển số Thái Lan 5" title="Tp. Hồ Chí Minh: CSGT bắt 10 môtô đeo biển số Thái Lan 5" lb="5" sign="00112222222221110" height="375" width="500" /><br />\r\n <br />\r\n <img src="http://autopro1.vcmedia.vn/thumb_w/650/uMbdTKTBZPDdnoC4c09dtgDXJPU9N/Image/2013/11/autopro-doan-moto-thai-lan-bi-chan-bat-tai-viet-nam-%282%29-1fbd2.jpg" w="660" h="495" alt="Tp. Hồ Chí Minh: CSGT bắt 10 môtô đeo biển số Thái Lan 6" title="Tp. Hồ Chí Minh: CSGT bắt 10 môtô đeo biển số Thái Lan 6" lb="6" sign="00111111111111102" height="375" width="500" /><br />\r\n <br />\r\n <img src="http://autopro1.vcmedia.vn/thumb_w/650/uMbdTKTBZPDdnoC4c09dtgDXJPU9N/Image/2013/11/autopro-doan-moto-thai-lan-bi-chan-bat-tai-viet-nam-%288%29-1fbd2.jpg" w="660" h="495" alt="Tp. Hồ Chí Minh: CSGT bắt 10 môtô đeo biển số Thái Lan 7" title="Tp. Hồ Chí Minh: CSGT bắt 10 môtô đeo biển số Thái Lan 7" lb="7" sign="00111111111000002" height="375" width="500" /><br />\r\n <br />\r\n <img src="http://autopro1.vcmedia.vn/thumb_w/650/uMbdTKTBZPDdnoC4c09dtgDXJPU9N/Image/2013/11/autopro-doan-moto-thai-lan-bi-chan-bat-tai-viet-nam-%285%29-1fbd2.jpg" w="660" h="495" alt="Tp. Hồ Chí Minh: CSGT bắt 10 môtô đeo biển số Thái Lan 8" title="Tp. Hồ Chí Minh: CSGT bắt 10 môtô đeo biển số Thái Lan 8" lb="8" sign="01222211111111110" height="375" width="500" /><br />\r\n <br />\r\n <img src="http://autopro1.vcmedia.vn/thumb_w/650/uMbdTKTBZPDdnoC4c09dtgDXJPU9N/Image/2013/11/autopro-doan-moto-thai-lan-bi-chan-bat-tai-viet-nam-%286%29-1fbd2.jpg" w="660" h="495" alt="Tp. Hồ Chí Minh: CSGT bắt 10 môtô đeo biển số Thái Lan 9" title="Tp. Hồ Chí Minh: CSGT bắt 10 môtô đeo biển số Thái Lan 9" lb="9" sign="00111222212221100" height="375" width="500" /></div>', 'autopro-doan-moto-thai-lan-bi-chan-bat-tai-viet-nam-(6)-1fbd2.jpg', '2013-11-20', 1, 1),
(7, 'Những hình ảnh đầu tiên về triển lãm Tokyo 2013', 'Triển lãm Tokyo Motor Show 2013 vừa được diễn ra tại Nhật Bản. Triển lãm năm nay có sự xuất hiện của những mẫu xe nổi bật như Jaguar F-type coupe, Honda NSX, GT-R Nismo hay Nissan Bladeglider.', '<p>Dưới đây là những hình ảnh tổng thể về triển lãm này: (Kích vào ảnh để xem kích thước lớn)</p>\r\n<table width="460">\r\n <tbody>\r\n  <tr>\r\n   <td><img alt="Rất đông khách tới tham quan triển lãm" src="http://autonet.com.vn/dataimages/201311/original/images952975_tokyo_motorshow_2013_queue.jpg" sign="02111111111110001" height="333" width="500" /></td>\r\n  </tr>\r\n  <tr>\r\n   <td>Rất đông khách tới tham quan triển lãm Tokyo Motor Show 2013</td>\r\n  </tr>\r\n </tbody>\r\n</table>\r\n<table width="460">\r\n <tbody>\r\n  <tr>\r\n   <td><img alt="Họp báo khai mạc triển lãm Tokyo Motor Show 2013" src="http://autonet.com.vn/dataimages/201311/original/images952993_presentation_tokyo_ms_1.jpg" sign="02110000000000000" height="333" width="500" /></td>\r\n  </tr>\r\n  <tr>\r\n   <td>Họp báo khai mạc triển lãm Tokyo Motor Show 2013</td>\r\n  </tr>\r\n </tbody>\r\n</table>\r\n<table width="460">\r\n <tbody>\r\n  <tr>\r\n   <td><img alt="Jaguar F Type Coupe trước khi được " i="" n="" src="http://autonet.com.vn/dataimages/201311/original/images952976_f_type_coupe_teaser_tokyo.jpg" sign="02112221100000000" height="333" width="500" /></td>\r\n  </tr>\r\n  <tr>\r\n   <td>Jaguar F Type Coupe trước khi được &quot;vén màn&quot; tại triển lãm</td>\r\n  </tr>\r\n </tbody>\r\n</table>\r\n<table width="460">\r\n <tbody>\r\n  <tr>\r\n   <td><img alt="Gian trưng bày của Jaguar tại triển lãm" src="http://autonet.com.vn/dataimages/201311/original/images952979_jaguar_stand_11.jpg" sign="02111000000000000" height="333" width="500" /></td>\r\n  </tr>\r\n  <tr>\r\n   <td>Gian trưng bày của Jaguar tại triển lãm</td>\r\n  </tr>\r\n </tbody>\r\n</table>\r\n<table width="460">\r\n <tbody>\r\n  <tr>\r\n   <td><img alt="Hai mẫu xe xanh của BMW, i3 và i8" src="http://autonet.com.vn/dataimages/201311/original/images952977_bmw_i3_i8_tokyo.jpg" sign="02211112222111000" height="333" width="500" /></td>\r\n  </tr>\r\n  <tr>\r\n   <td>Hai mẫu xe xanh của BMW, i3 và i8</td>\r\n  </tr>\r\n </tbody>\r\n</table>\r\n<table width="460">\r\n <tbody>\r\n  <tr>\r\n   <td><img alt="1 mẫu concept của BMW" src="http://autonet.com.vn/dataimages/201311/original/images952978_bmw_concept_active_tourer_tokyo_3.jpg" sign="02222221221110110" height="333" width="500" /></td>\r\n  </tr>\r\n  <tr>\r\n   <td>1 mẫu concept của BMW</td>\r\n  </tr>\r\n </tbody>\r\n</table>\r\n<table width="460">\r\n <tbody>\r\n  <tr>\r\n   <td><img alt="Honda NSX concept" src="http://autonet.com.vn/dataimages/201311/original/images952981_honda_nsx_concept_tokyo_2.jpg" sign="01210011100000010" height="333" width="500" /></td>\r\n  </tr>\r\n  <tr>\r\n   <td>Honda NSX concept</td>\r\n  </tr>\r\n </tbody>\r\n</table>\r\n<table width="460">\r\n <tbody>\r\n  <tr>\r\n   <td><img alt="Honda F1" src="http://autonet.com.vn/dataimages/201311/original/images952982_honda_f1_car.jpg" sign="01111211111220000" height="333" width="500" /></td>\r\n  </tr>\r\n  <tr>\r\n   <td>Honda F1</td>\r\n  </tr>\r\n </tbody>\r\n</table>\r\n<table width="460">\r\n <tbody>\r\n  <tr>\r\n   <td><img alt="Gian trưng bày xe Audi" src="http://autonet.com.vn/dataimages/201311/original/images952984_audistand_tokoy_11.jpg" sign="02100000000000000" height="333" width="500" /></td>\r\n  </tr>\r\n  <tr>\r\n   <td>Gian trưng bày xe Audi</td>\r\n  </tr>\r\n </tbody>\r\n</table>\r\n<table width="460">\r\n <tbody>\r\n  <tr>\r\n   <td><img alt="...Mercedes Benz" src="http://autonet.com.vn/dataimages/201311/original/images952986_mercedes_benz_stand_1_tokyo.jpg" sign="02111000000001100" height="333" width="500" /></td>\r\n  </tr>\r\n  <tr>\r\n   <td>Mercedes Benz</td>\r\n  </tr>\r\n </tbody>\r\n</table>\r\n<table width="460">\r\n <tbody>\r\n  <tr>\r\n   <td><img alt="Peugeot RCZ R" src="http://autonet.com.vn/dataimages/201311/original/images952987_peugeot_rcz_r_image.jpg" sign="12211100000000000" height="333" width="500" /></td>\r\n  </tr>\r\n  <tr>\r\n   <td>Peugeot RCZ R</td>\r\n  </tr>\r\n </tbody>\r\n</table>\r\n<table width="460">\r\n <tbody>\r\n  <tr>\r\n   <td><img a="" alt="Xế thể thao kiểu dáng " src="http://autonet.com.vn/dataimages/201311/original/images952988_nissan_bladeglider_tokyo_23.jpg" sign="02111000000000002" height="333" width="500" /></td>\r\n  </tr>\r\n  <tr>\r\n   <td>Xế thể thao BladeGilder kiểu dáng &quot;lạ&quot; của Nissan</td>\r\n  </tr>\r\n </tbody>\r\n</table>\r\n<table width="460">\r\n <tbody>\r\n  <tr>\r\n   <td><img alt="Concept Mitsubishi" src="http://autonet.com.vn/dataimages/201311/original/images952989_mitsubishig_ar_concept_44.jpg" sign="02111111111111111" height="333" width="500" /></td>\r\n  </tr>\r\n  <tr>\r\n   <td>Mitsubishi AR-PHEV Concept </td>\r\n  </tr>\r\n </tbody>\r\n</table>\r\n<table width="460">\r\n <tbody>\r\n  <tr>\r\n   <td><img alt="Gian trưng bày Mitsubishi" src="http://autonet.com.vn/dataimages/201311/original/images952990_mitsubishi_imiev_pikes_peak.jpg" sign="01221111111111100" height="333" width="500" /></td>\r\n  </tr>\r\n  <tr>\r\n   <td>Gian trưng bày Mitsubishi</td>\r\n  </tr>\r\n </tbody>\r\n</table>\r\n<table width="460">\r\n <tbody>\r\n  <tr>\r\n   <td><img alt="Suzuki 4x4 Concept" src="http://autonet.com.vn/dataimages/201311/original/images952991_suzuki_4x4_concept_22.jpg" sign="01200001100000001" height="333" width="500" /></td>\r\n  </tr>\r\n  <tr>\r\n   <td>Suzuki 4x4 Concept</td>\r\n  </tr>\r\n </tbody>\r\n</table>\r\n<table width="460">\r\n <tbody>\r\n  <tr>\r\n   <td><img alt="Daihatsu FC Deck concept" src="http://autonet.com.vn/dataimages/201311/original/images952992_fc_deck_autocar_tokyo_1.jpg" sign="01110001210100000" height="333" width="500" /></td>\r\n  </tr>\r\n  <tr>\r\n   <td>Daihatsu FC Deck concept</td>\r\n  </tr>\r\n </tbody>\r\n</table>', 'images952992_fc_deck_autocar_tokyo_1.jpg', '2013-11-20', 1, 1),
(8, 'Kawasaki ra mắt Estrella 250 phiên bản mới', 'Ở phiên bản mới, mẫu xe 250 phân khối của gia đình Kawasaki được bổ sung màu mới và thay đổi thiết kế.', '<div ng-hide="sum" ng-bind-html="model.Body">\r\n <div>Đối   với những ai đam mê dòng môtô sở hữu kiểu dáng cổ điển, Kawasaki   Estrella 250 thực sự là một cái tên không thể bỏ qua. Bắt đầu được sản   xuất từ năm 1992, Kawasaki Estrella 250 hiện chỉ có tại một số thị   trường như Nhật Bản.</div>\r\n <div><br />\r\n </div>\r\n <div>Mới đây, hãng Kawasaki đã   nâng cấp Estrella 250 thông qua phiên bản 2014 dành cho thị trường Nhật.   Ở phiên bản mới, mẫu xe 250 phân khối của gia đình Kawasaki được bổ   sung màu mới và thay đổi thiết kế.</div>\r\n <div><br />\r\n </div>\r\n <div>\r\n  <div><img _fl="" src="http://autopro1.vcmedia.vn/uMbdTKTBZPDdnoC4c09dtgDXJPU9N/Image/2013/11/autopro-Kawasaki-Estrella-250-2014-%283%29-ed5af.jpg" alt="Kawasaki ra mắt Estrella 250 phiên bản mới 1" title="Kawasaki ra mắt Estrella 250 phiên bản mới 1" lb="1" sign="00110000000000022" height="375" width="500" /></div>\r\n </div>\r\n <div><br />\r\n </div>\r\n <div>Kawasaki   Estrella 250 2014 được trang bị động cơ 250 phân khối với công suất tối   đa 17,4 mã lực tại 7.500 vòng/phút và mô-men xoắn cực đại 18,3 Nm tại   5.500 vòng/phút. Được thiết kế như một mẫu môtô đơn giản và tiện dụng,   Kawasaki Estrella 250 2014 đi kèm ống xả mang kiểu dáng cổ điển đặc   trưng.</div>\r\n <div><br />\r\n </div>\r\n <div>Chưa hết, xe còn được trang bị bộ khung kép bằng thép. Yên được thiết kế theo kiểu nổi gờ ở phiên bản 2014. </div>\r\n <div><br />\r\n </div>\r\n <div>\r\n  <div><img _fl="" src="http://autopro1.vcmedia.vn/uMbdTKTBZPDdnoC4c09dtgDXJPU9N/Image/2013/11/autopro-Kawasaki-Estrella-250-2014-%284%29-ed5af.jpg" alt="Kawasaki ra mắt Estrella 250 phiên bản mới 2" title="Kawasaki ra mắt Estrella 250 phiên bản mới 2" lb="2" sign="00000000000002000" height="375" width="500" /></div>\r\n </div>\r\n <div><br />\r\n </div>\r\n <div>Chiều   cao so với mặt đất của Kawasaki Estrella 250 2014 chỉ dừng ở mức 734   mm. Do đó, đây là lựa chọn lý tưởng cho những ai sở hữu chiều cao khiêm   tốn. Ngoài ra, Kawasaki Estrella 250 2014 còn sở hữu tay lái và bàn đặt   chân được thiết kế sao cho tạo tư thế ngồi thoải mái nhất có thể cho   người lái.</div>\r\n <div><br />\r\n </div>\r\n <div>Để mang đến cảm giác êm ái cho người   ngồi, hãng Kawasaki đã sử dụng phuộc ống lồng 39 mm phía trước và giảm   xóc kép đằng sau trên Estrella 250 2014. Bên cạnh đó là phanh đĩa trước   có đường kính 330 mm và 160 mm sau.</div>\r\n <div><br />\r\n </div>\r\n <div>\r\n  <div><img _fl="" src="http://autopro1.vcmedia.vn/uMbdTKTBZPDdnoC4c09dtgDXJPU9N/Image/2013/11/autopro-Kawasaki-Estrella-250-2014-%282%29-ed5af.jpg" alt="Kawasaki ra mắt Estrella 250 phiên bản mới 3" title="Kawasaki ra mắt Estrella 250 phiên bản mới 3" lb="3" sign="00000000000000002" height="375" width="500" /></div>\r\n </div>\r\n <div><br />\r\n </div>\r\n <div>Khi   có mặt trên thị trường Nhật, Kawasaki Estrella 250 2014 tiêu chuẩn đi   kèm 2 phiên bản màu sắc, bao gồm xanh dương và xanh lục. Ngoài ra, xe   còn được bổ sung một phiên bản đặc biệt với màu sơn đen.</div>\r\n <div><br />\r\n </div>\r\n <div>Tại   thị trường Nhật Bản, Kawasaki Estrella 250 2014 được bán với giá khoảng   5.180 USD cho phiên bản tiêu chuẩn. Trong khi đó, phiên bản đặc biệt có   giá cao hơn một chút, 5.327 USD.</div>\r\n</div>', 'autopro-Kawasaki-Estrella-250-2014-(2)-ed5af.jpg', '2013-11-20', 1, 1),
(9, 'Porsche Macan 2015: Nhỏ gọn và thể thao hơn Cayenne', 'Những hình ảnh chính thức đầu tiên của Porsche Macan hoàn toàn mới đã bị rò rỉ trước khi triển lãm Los Angeles 2013 khai mạc.', '<div ng-hide="sum" ng-bind-html="model.Body">\r\n <div>Chẳng   còn bao lâu nữa, triển lãm Los Angeles 2013 sẽ chính thức diễn ra. Hiện   nay, giới truyền thông vẫn đang đợi hãng Porsche công bố những hình ảnh   và thông tin chính thức của mẫu SUV hoàn toàn mới Macan 2015.</div>\r\n <div><br />\r\n </div>\r\n <div>Trong   khi đó, tạp chí Quattroroute tiếng Ý đã nhanh tay nắm được những hình   ảnh chính thức đầu tiên của Porsche Macan 2015. Đây là những hình ảnh   được sử dụng trong thông cáo báo chí của hãng Porsche, đi kèm một số   thông tin cơ bản ban đầu.</div>\r\n <div><br />\r\n </div>\r\n <div><img src="http://autopro1.vcmedia.vn/thumb_w/650/uMbdTKTBZPDdnoC4c09dtgDXJPU9N/Image/2013/11/autopro-porsche-macan-2015-%284%29-5caf2.jpg" w="800" h="450" alt="Porsche Macan 2015: Nhỏ gọn và thể thao hơn Cayenne 1" title="Porsche Macan 2015: Nhỏ gọn và thể thao hơn Cayenne 1" lb="1" sign="02211111111110000" height="281" width="500" /><br />\r\n  <br />\r\n </div>\r\n <div>Qua   đó, có thể thấy Porsche Macan 2015 trông nhỏ gọn và thể thao hơn hẳn   đàn anh Cayenne. Porsche Macan 2015 sở hữu thiết kế khí động hơn, một   phần là nhờ trần xe thấp và cửa sổ sau dốc. Đằng sau xuất hiện cụm đèn   hậu thanh mảnh.</div>\r\n <div><br />\r\n </div>\r\n <div>Trong khi đó, không gian nội   thất của Porsche Macan 2015 lại khá giống với đàn anh Cayenne. Phong   cách thiết kế tổng thể và cách bố trí bảng táp-lô  trong Porsche Macan   mới không khác biệt nhiều so với Cayenne.</div>\r\n <div><br />\r\n </div>\r\n <div><img src="http://autopro1.vcmedia.vn/thumb_w/650/uMbdTKTBZPDdnoC4c09dtgDXJPU9N/Image/2013/11/autopro-porsche-macan-2015-%283%29-5caf2.jpg" w="800" h="566" alt="Porsche Macan 2015: Nhỏ gọn và thể thao hơn Cayenne 2" title="Porsche Macan 2015: Nhỏ gọn và thể thao hơn Cayenne 2" lb="2" sign="12111100000000000" height="353" width="500" /><br />\r\n  <br />\r\n </div>\r\n <div>Về   mặt kích thước, Porsche Macan 2015 dài 4.680 mm, rộng 1.920 mm và cao   1.620 mm. Những con số tương ứng với đàn anh Porsche Cayenne thế hệ hiện   tại là 4.850 mm, 1.940 mm và 1.710 mm.</div>\r\n <div><br />\r\n </div>\r\n <div>Theo   tạp chí Quattroroute tiếng Ý, Porsche Macan 2015 sẽ có mặt trên thị   trường châu Âu với 3 phiên bản trang bị khác nhau. Đầu tiên là Porsche   Macan S 2015 thấp nhất với động cơ V6, dung tích 3.0 lít, sản sinh công   suất tối đa 335 mã lực và mô-men xoắn cực đại 460 Nm.</div>\r\n <div><br />\r\n </div>\r\n <div>\r\n  <div><img _fl="" src="http://autopro1.vcmedia.vn/uMbdTKTBZPDdnoC4c09dtgDXJPU9N/Image/2013/11/autopro-porsche-macan-2015-%282%29-5caf2.jpg" alt="Porsche Macan 2015: Nhỏ gọn và thể thao hơn Cayenne 3" title="Porsche Macan 2015: Nhỏ gọn và thể thao hơn Cayenne 3" lb="3" sign="00111100000000002" height="281" width="500" /></div>\r\n </div>\r\n <div><br />\r\n </div>\r\n <div>Thứ   hai là Porsche Macan Diesel 2015 được trang bị máy dầu V6, dung tích   3.0 lít, tạo ra công suất tối đa 255 mã lực và mô-men xoắn cực đại 580   Nm. Cuối cùng là bản Turbo mạnh nhất với động cơ V6, tăng áp, dung tích   3,6 lít, cho công suất tối đa 395 mã lực và mô-men xoắn cực đại 550 Nm.</div>\r\n <div><br />\r\n </div>\r\n <div>Cùng chờ đến triển lãm Los Angeles năm nay để biết thêm thông tin và hình ảnh của Porsche Macan 2015.</div>\r\n</div>', 'autopro-porsche-macan-2015-(4)-5caf2.jpg', '2013-11-20', 1, 1);
INSERT INTO `tintuc` (`id_tin`, `TieuDe`, `TomTat`, `NoiDung`, `UrlHinh`, `NgayThang`, `User`, `AnHien`) VALUES
(10, 'Nhiều khách hàng kêu ca về BMW R1200GS 2013', 'Người tiêu dùng tại Brazil đã đưa ra những phản hồi không tốt về mẫu xe BMW R1200GS 2013, từ tình trạng rung tay lái đến cạn dầu.', '<div ng-hide="sum" ng-bind-html="model.Body">\r\n <div>Mẫu   môtô địa hình hỗn hợp BMW R1200GS 2013 đã chính thức được giới thiệu   vào đầu năm nay. Sau đó, xe nhanh chóng được bày bán tại nhiều thị   trường trên toàn cầu, trong đó có Brazil. Tuy nhiên, có vẻ như BMW   R1200GS 2013 lại gặp chút rắc rối với người tiêu dùng tại xứ sở Samba.</div>\r\n <div><br />\r\n </div>\r\n <div>Theo một độc giả có tên R Faria of Belo Horizonte của trang tin Autoevolution,   người tiêu dùng tại Brazil đã đưa ra những phản hồi không tốt về mẫu xe   BMW R1200GS 2013. Ngoài ra, trang Reclame Aqui của Brazil cũng khẳng   định có nhiều người tiêu dùng đã lên tiếng phàn nàn về mẫu môtô địa hình   hỗn hợp đến từ Đức.</div>\r\n <div><br />\r\n </div>\r\n <div>Cụ thể, nhiều người không   hài lòng với tình trạng tay lái bị rung của BMW R1200GS 2013 khi xe đạt   vận tốc khoảng 100 km/h. Một số người khác lại kêu ca về tình trạng cạn   dầu của xe.</div>\r\n <div><br />\r\n </div>\r\n <div><img src="http://autopro1.vcmedia.vn/uMbdTKTBZPDdnoC4c09dtgDXJPU9N/Image/2013/11/autopro-BMW-R1200GS-2013-%282%29-e2c71.jpg" alt="Nhiều khách hàng kêu ca về BMW R1200GS 2013 1" title="Nhiều khách hàng kêu ca về BMW R1200GS 2013 1" lb="1" sign="01211110000100000" height="353" width="500" /><br />\r\n  BMW R1200GS 2013 bị phàn nàn nhiều tại Brazil.<br />\r\n </div>\r\n <div><br />\r\n </div>\r\n <div>Khách   hàng tại Brazil thắc mắc vì sao hãng BMW không tiến hành thu hồi   R1200GS đời 2013. Trong khi đó, hãng BMW có vẻ đã biết rõ trục trặc của   R1200GS khi quyết định bổ sung hệ thống giảm xóc tay lái cho phiên bản   nâng cấp của dòng môtô địa hình hỗn hợp nổi tiếng. </div>\r\n <div><br />\r\n </div>\r\n <div>Cũng   theo trang Reclame Aqui tiếng Bồ Đào Nha, đã có vài vụ tai nạn xảy ra   liên quan đến BMW R1200GS 2013 tại Brazil. Trong đó, có 2 vụ tai nạn ở   Minas Gerais và thủ đô Sao Paulo. Chiếc BMW R1200GS 2013 của một người   đã rung lắc dữ dội trước khi tai nạn xảy ra.</div>\r\n <div><br />\r\n </div>\r\n <div>Trước   đó, BMW R1200GS 2013 cũng từng dính vào một vụ &quot;lùm xùm&quot; liên quan đến   cái chết của phóng viên Kevin Ash trong buổi lái thử xe diễn ra vào đầu   năm 2013. Tai nạn xảy ra trong buổi họp báo giới thiệu BMW R1200GS 2013   tại thị trường Nam Phi. Tuy nhiên, mãi cho đến nay, nguyên nhân của vụ   tai nạn khiến phóng viên người Anh vẫn chưa được hãng BMW công bố cụ   thể.</div>\r\n</div>', 'autopro-BMW-R1200GS-2013-(2)-e2c71.jpg', '2013-11-20', 1, 1),
(11, 'Honda ra mắt 3 động cơ mới với nhiều ưu điểm', 'Honda vừa ra mắt 3 mẫu động cơ tăng áp nhỏ gọn mới cho hiệu suất cao đặc biệt là tiết kiệm nhiên liệu và mức khí thải thấp.', '<div ng-hide="sum" ng-bind-html="model.Body">\r\n <p>Động   cơ xăng tăng áp nhỏ gọn thế hệ mới hiện đang là mối quan tâm chung của   toàn nghành công nghiệp ô tô thế giới. Không chỉ có những thương hiệu xe   hơi Mỹ các hãng xe đến từ châu Á cũng rất quan tâm tới vấn đề này.</p>\r\n <p>Tại triển lãm Tokyo Motor Show 2013, Honda giới thiệu dòng động cơ   VTEC TURBO phun xăng trực tiếp, bao gồm 1 động cơ 3 xi-lanh 1.0L và hai   động cơ 4 xi-lanh dung tích 1.5L và 2.0L.</p>\r\n <table width="460">\r\n  <tbody>\r\n   <tr>\r\n    <td><img alt="1 trong 3 động cơ tăng áp mới của Honda" src="http://autonet.com.vn/dataimages/201311/original/images952912_Honda_VTEC_TUrbo_2_3_.jpg" sign="00000000000000002" height="303" width="460" /></td>\r\n   </tr>\r\n   <tr>\r\n    <td>1 trong 3 động cơ tăng áp mới của Honda</td>\r\n   </tr>\r\n  </tbody>\r\n </table>\r\n <p>Honda chia sẻ về động cơ mới rằng việc đưa công nghệ chuyển động van   biến thiên VTEC, turbo nạp phun nhiên liệu trực tiếp giúp thế hệ động cơ   mới giảm mức tiêu thụ nhiên liệu trong khi vẫn đảm bảo công suất mạnh   mẽ.</p>\r\n <p>Hãng xe Nhật cho biết dòng động cơ xăng tăng áp mới sẽ được sử dụng   trong những mẫu xe tương lai và phù hợp với nhu cầu của từng thị trường.   Với những ưu thế của mình, thế hệ động cơ mới sẽ là dòng sản phẩm chủ   lực có mặt trên hầu hết các mẫu xe của hãng xe Nhật Bản, cạnh tranh với   động cơ EcoBoost của Ford.</p>\r\n <table width="460">\r\n  <tbody>\r\n   <tr>\r\n    <td><img alt="Động cơ tăng áp mới sẽ giúp Honda cạnh tranh tốt hơn với các đối thủ" src="http://autonet.com.vn/dataimages/201311/original/images952913_Honda_VTEC_TUrbo_3_3_.jpg" sign="00000000000000002" height="303" width="460" /></td>\r\n   </tr>\r\n   <tr>\r\n    <td>Động cơ tăng áp mới sẽ giúp Honda cạnh tranh tốt hơn với các đối thủ</td>\r\n   </tr>\r\n  </tbody>\r\n </table>\r\n <p>Honda không tiết lộ thêm nhiều thông tin về những mẫu xe sẽ được   trang bị động cơ mới nhưng những thông tin rò rỉ cho thấy có thể VTEC   Turbo 2.0 có công suất 280 mã lực và đạt chuẩn khí thải Euro6 sẽ được   trang bị cho chiếc Civic Type R vào năm 2015 tại châu Âu.</p>\r\n</div>', 'images952912_Honda_VTEC_TUrbo_2_3_.jpg', '2013-11-20', 1, 1),
(12, 'RC 350 và RC 300h - Cặp đôi xe sang mới của Lexus', 'Có cùng kích thước và hình dáng nhưng Lexus RC 350 có sức mạnh vượt trội so với chiếc RC 300h.', '<div ng-hide="sum" ng-bind-html="model.Body">\r\n <div>Ngay   khi triển lãm Tokyo 2013 chính thức khai mạc, thương hiệu xe sang của   Toyota là Lexus đã tung thêm hình ảnh và thông tin về dòng xe RC mới.   Hai thành viên của dòng Lexus RC mới được đưa đến triển lãm Tokyo năm   nay bao gồm RC 350 và RC 300h. </div>\r\n <div><br />\r\n </div>\r\n <div>Trong đó, Lexus   RC 350 được trang bị động cơ V6, dung tích 3,5 lít, sản sinh công suất   tối đa 314 mã lực và mô-men xoắn cực đại 379 Nm. Đi kèm với khối động cơ   trên là hộp số thể thao Direct Shift 8 cấp với lẫy gạt đặt sau vô   lăng. </div>\r\n <div><br />\r\n </div>\r\n <div>Hãng Lexus cho biết, ở chế độ số sàn M,   hệ thống chuyển đổi mô-men xoắn sẽ giữ giá trị ở mức cao nhất từ số 2   đến số 8. Nhờ đó, thời gian chuyển số sẽ giảm xuống 0,2 giây.</div>\r\n <div><br />\r\n </div>\r\n <div>\r\n  <div><img _fl="" src="http://autopro1.vcmedia.vn/tPrccccccccccccTQFD4hEqysB4PXe/Image/2013/11/Lexus-rc/AutoPro-2015-Lexus-RC-12[2]-94189.jpg" alt="RC 350 và RC 300h - Cặp đôi xe sang mới của Lexus 1" title="RC 350 và RC 300h - Cặp đôi xe sang mới của Lexus 1" lb="1" sign="21121000000000000" height="333" width="500" /></div>\r\n  <br />\r\n </div>\r\n <div>So   với người anh em Lexus RC 350, RC 300h có vẻ &quot;hiền lành&quot; hơn. RC 300h   được xem là mẫu coupe hybrid thương mại đầu tiên của Lexus. Xe được   trang bị động cơ 4 xi-lanh, dung tích 2,5 lít, tạo ra công suất tối đa   176 mã lực đi kèm với mô-tơ điện mạnh 141 sức ngựa. Phụ trách truyền sức   mạnh đến trục là hộp số biến thiên vô cấp. </div>\r\n <div><br />\r\n </div>\r\n <div>\r\n  <div><img _fl="" src="http://autopro1.vcmedia.vn/tPrccccccccccccTQFD4hEqysB4PXe/Image/2013/11/Lexus-rc/AutoPro-2015-Lexus-RC-9[2]-94189.jpg" alt="RC 350 và RC 300h - Cặp đôi xe sang mới của Lexus 2" title="RC 350 và RC 300h - Cặp đôi xe sang mới của Lexus 2" lb="2" sign="21110000000000000" height="333" width="500" /></div>\r\n  <br />\r\n </div>\r\n <div>Lexus   cho biết, hãng sẽ cung cấp tùy chọn dẫn động cầu sau hoặc 4 bánh cho cả   hai mẫu xe trên. Tuy nhiên, tùy chọn này lại chỉ có ở một số thị trường   nhất định. Thông tin về dòng xe RC cho các thị trường Bắc Mỹ, châu Âu   và nhiều khu vực khác sẽ được Lexus công bố sau.</div>\r\n <div><br />\r\n </div>\r\n <div>Những hình ảnh khác của Lexus RC 350 và RC 300h:</div>\r\n <div>\r\n  <div><br />\r\n  </div>\r\n  <div><img src="http://autopro1.vcmedia.vn/thumb_w/650/tPrccccccccccccTQFD4hEqysB4PXe/Image/2013/11/Lexus-rc/AutoPro-2015-Lexus-RC-15[2]-94189.jpg" w="1600" h="1067" alt="RC 350 và RC 300h - Cặp đôi xe sang mới của Lexus 3" title="RC 350 và RC 300h - Cặp đôi xe sang mới của Lexus 3" lb="3" sign="21110000000000000" height="333" width="500" /></div>\r\n  <div><br />\r\n  </div>\r\n  <div><img src="http://autopro1.vcmedia.vn/thumb_w/650/tPrccccccccccccTQFD4hEqysB4PXe/Image/2013/11/Lexus-rc/AutoPro-2015-Lexus-RC-16[2]-94189.jpg" w="1600" h="1067" alt="RC 350 và RC 300h - Cặp đôi xe sang mới của Lexus 4" title="RC 350 và RC 300h - Cặp đôi xe sang mới của Lexus 4" lb="4" sign="22211110000000000" height="333" width="500" /></div>\r\n  <div><br />\r\n  </div>\r\n  <div><img src="http://autopro1.vcmedia.vn/thumb_w/650/tPrccccccccccccTQFD4hEqysB4PXe/Image/2013/11/Lexus-rc/AutoPro-2015-Lexus-RC-17[2]-94189.jpg" w="1600" h="1067" alt="RC 350 và RC 300h - Cặp đôi xe sang mới của Lexus 5" title="RC 350 và RC 300h - Cặp đôi xe sang mới của Lexus 5" lb="5" sign="21000100000000000" height="333" width="500" /></div>\r\n  <div><br />\r\n  </div>\r\n  <div><img src="http://autopro1.vcmedia.vn/thumb_w/650/tPrccccccccccccTQFD4hEqysB4PXe/Image/2013/11/Lexus-rc/AutoPro-2015-Lexus-RC-18[2]-94189.jpg" w="1600" h="1067" alt="RC 350 và RC 300h - Cặp đôi xe sang mới của Lexus 6" title="RC 350 và RC 300h - Cặp đôi xe sang mới của Lexus 6" lb="6" sign="11221111100000010" height="333" width="500" /></div>\r\n  <div><br />\r\n  </div>\r\n  <div><img src="http://autopro1.vcmedia.vn/thumb_w/650/tPrccccccccccccTQFD4hEqysB4PXe/Image/2013/11/Lexus-rc/AutoPro-2015-Lexus-RC-19[2]-94189.jpg" w="1600" h="1067" alt="RC 350 và RC 300h - Cặp đôi xe sang mới của Lexus 7" title="RC 350 và RC 300h - Cặp đôi xe sang mới của Lexus 7" lb="7" sign="11221111100000000" height="333" width="500" /></div>\r\n  <div><br />\r\n  </div>\r\n  <div><img src="http://autopro1.vcmedia.vn/thumb_w/650/tPrccccccccccccTQFD4hEqysB4PXe/Image/2013/11/Lexus-rc/AutoPro-2015-Lexus-RC-10[2]-94189.jpg" w="1600" h="1067" alt="RC 350 và RC 300h - Cặp đôi xe sang mới của Lexus 8" title="RC 350 và RC 300h - Cặp đôi xe sang mới của Lexus 8" lb="8" sign="02111000000000000" height="333" width="500" /></div>\r\n  <div><br />\r\n  </div>\r\n  <div><img src="http://autopro1.vcmedia.vn/thumb_w/650/tPrccccccccccccTQFD4hEqysB4PXe/Image/2013/11/Lexus-rc/AutoPro-2015-Lexus-RC-20[2]-94189.jpg" w="1600" h="1067" alt="RC 350 và RC 300h - Cặp đôi xe sang mới của Lexus 9" title="RC 350 và RC 300h - Cặp đôi xe sang mới của Lexus 9" lb="9" sign="22100000100000000" height="333" width="500" /></div>\r\n  <div><br />\r\n  </div>\r\n  <div><img src="http://autopro1.vcmedia.vn/thumb_w/650/tPrccccccccccccTQFD4hEqysB4PXe/Image/2013/11/Lexus-rc/AutoPro-2015-Lexus-RC-21[2]-94189.jpg" w="1600" h="1067" alt="RC 350 và RC 300h - Cặp đôi xe sang mới của Lexus 10" title="RC 350 và RC 300h - Cặp đôi xe sang mới của Lexus 10" lb="10" sign="21100000000000000" height="333" width="500" /></div>\r\n  <div><br />\r\n  </div>\r\n  <div><img src="http://autopro1.vcmedia.vn/thumb_w/650/tPrccccccccccccTQFD4hEqysB4PXe/Image/2013/11/Lexus-rc/AutoPro-2015-Lexus-RC-22[2]-94189.jpg" w="1600" h="1067" alt="RC 350 và RC 300h - Cặp đôi xe sang mới của Lexus 11" title="RC 350 và RC 300h - Cặp đôi xe sang mới của Lexus 11" lb="11" sign="22110000000000000" height="333" width="500" /></div>\r\n  <div><br />\r\n  </div>\r\n  <div><img src="http://autopro1.vcmedia.vn/thumb_w/650/tPrccccccccccccTQFD4hEqysB4PXe/Image/2013/11/Lexus-rc/AutoPro-2015-Lexus-RC-24[2]-94189.jpg" w="1600" h="1067" alt="RC 350 và RC 300h - Cặp đôi xe sang mới của Lexus 12" title="RC 350 và RC 300h - Cặp đôi xe sang mới của Lexus 12" lb="12" sign="21000000000000000" height="333" width="500" /></div>\r\n  <div><br />\r\n  </div>\r\n  <div><img src="http://autopro1.vcmedia.vn/thumb_w/650/tPrccccccccccccTQFD4hEqysB4PXe/Image/2013/11/Lexus-rc/AutoPro-2015-Lexus-RC-25[2]-94189.jpg" w="1600" h="1067" alt="RC 350 và RC 300h - Cặp đôi xe sang mới của Lexus 13" title="RC 350 và RC 300h - Cặp đôi xe sang mới của Lexus 13" lb="13" sign="21000000000000000" height="333" width="500" /></div>\r\n  <div><br />\r\n  </div>\r\n  <div><img src="http://autopro1.vcmedia.vn/thumb_w/650/tPrccccccccccccTQFD4hEqysB4PXe/Image/2013/11/Lexus-rc/AutoPro-2015-Lexus-RC-29[2]-94189.jpg" w="1600" h="1067" alt="RC 350 và RC 300h - Cặp đôi xe sang mới của Lexus 14" title="RC 350 và RC 300h - Cặp đôi xe sang mới của Lexus 14" lb="14" sign="00121111111111100" height="333" width="500" /></div>\r\n  <div>Lexus RC 350</div>\r\n  <div><br />\r\n  </div>\r\n  <div><img src="http://autopro1.vcmedia.vn/thumb_w/650/tPrccccccccccccTQFD4hEqysB4PXe/Image/2013/11/Lexus-rc/AutoPro-2015-Lexus-RC-5[2]-94189.jpg" w="1600" h="1067" alt="RC 350 và RC 300h - Cặp đôi xe sang mới của Lexus 15" title="RC 350 và RC 300h - Cặp đôi xe sang mới của Lexus 15" lb="15" sign="12211000000000000" height="333" width="500" /></div>\r\n  <div><br />\r\n  </div>\r\n  <div><img src="http://autopro1.vcmedia.vn/thumb_w/650/tPrccccccccccccTQFD4hEqysB4PXe/Image/2013/11/Lexus-rc/AutoPro-2015-Lexus-RC-6[2]-94189.jpg" w="1600" h="1067" alt="RC 350 và RC 300h - Cặp đôi xe sang mới của Lexus 16" title="RC 350 và RC 300h - Cặp đôi xe sang mới của Lexus 16" lb="16" sign="12211111000000000" height="333" width="500" /></div>\r\n  <div><br />\r\n  </div>\r\n  <div><img src="http://autopro1.vcmedia.vn/thumb_w/650/tPrccccccccccccTQFD4hEqysB4PXe/Image/2013/11/Lexus-rc/AutoPro-2015-Lexus-RC-7[2]-94189.jpg" w="1600" h="1067" alt="RC 350 và RC 300h - Cặp đôi xe sang mới của Lexus 17" title="RC 350 và RC 300h - Cặp đôi xe sang mới của Lexus 17" lb="17" sign="21111100000000000" height="333" width="500" /></div>\r\n  <div><br />\r\n  </div>\r\n  <div><img src="http://autopro1.vcmedia.vn/thumb_w/650/tPrccccccccccccTQFD4hEqysB4PXe/Image/2013/11/Lexus-rc/AutoPro-AutoPro-2015-Lexus-RC-4[2]-94189.jpg" w="1600" h="1067" alt="RC 350 và RC 300h - Cặp đôi xe sang mới của Lexus 18" title="RC 350 và RC 300h - Cặp đôi xe sang mới của Lexus 18" lb="18" sign="21111100000000000" height="333" width="500" /></div>\r\n  <div>Lexus RC 300h</div>\r\n </div>\r\n</div>', 'AutoPro-AutoPro-2015-Lexus-RC-4[2]-94189.jpg', '2013-11-20', 1, 1),
(13, 'Honda MC-β: ô tô siêu nhỏ', 'Chiếc xe điện siêu nhỏ của Honda có kích thước chỉ tương đương một chiếc Golf Kart.', '<div ng-hide="sum" ng-bind-html="model.Body">\r\n  <p>Các   hãng xe đang quan tâm nhiều hơn đến những chiếc xe nhỏ và những chiếc xe   điện dành riêng cho việc di chuyển trong các thành phố đông đúc. Những   chiếc xe này vừa tiết kiệm không gian vừa tiết kiệm một khoản không nhỏ   chi phí nhiên liệu. Điển hình trong số những chiếc xe điện siêu nhỏ hiện   nay có thể kể ra chiếc Renault Twizy. Honda cũng đang phát triển một   mẫu xe điện rất đáng chú ý, có tên gọi MC-β.<br />\r\n  </p>\r\n  <p>Honda MC-β sẽ được trình làng tại Tokyo Motor Show 2013. Chiếc xe   được Honda mô tả như một &ldquo;phương tiện siêu nhỏ dành cho việc di chuyển   trong quãng đường ngắn&rdquo;.</p>\r\n  <p>Hãng sản xuất xe hơi đến từ Nhật Bản cho biết, hãng đang phát triển   những chiếc xe siêu nhỏ chạy điện để dành riêng cho thị trường Nhật Bản   và châu Âu, nơi những chiếc xe được xếp vào dòng mô tô L7, với trọng   lượng dự kiến dưới 400 kg, và có công suất tối đa khoảng 20 mã lực.</p>\r\n  <div><img lb="1" title="Honda MC-β: ô tô siêu nhỏ 1" alt="Honda MC-β: ô tô siêu nhỏ 1" src="http://autopro1.vcmedia.vn/thumb_w/650/cLihiqsRzCEeGaOkfEstefpER7Wt/Image/2013/11/Autopro-Honda-MC-b-%282%29-ac606.jpg" h="600" w="1000" sign="01211000010000000" height="300" width="500" /><br />\r\n    <br />\r\n  </div>\r\n  <div>Honda MC-β được phát triển trên nền tảng khung gầm bằng thép ống   giống như những chiếc mô tô, chiếc xe có chiều dài chỉ 2.495 mm, rộng   1.280 mm và cao 1.545 mm. Mô-tơ điện trên Honda MC-β có công suất 15 mã   lực, chiếc xe có thể đạt tốc độ tối đa 70 km/h và phạm vi hoạt động   khoảng trên 80 km.</div>\r\n  <p>Hệ thống pin trên Honda MC-β có thể được sạc đầy trong 3 giờ với nguồn điện 200 volt, và trong 7 giờ với nguồn điện 100 volt.</p>\r\n  <p>Honda cho biết, hãng sẽ bắt đầu tiến hành thử nghiệm chiếc MC-β tại   Nhật Bản ngay trong tháng này. Tuy nhiên, hãng xe đến từ Nhật Bản lại   không tiết lộ thời điểm đưa MC-β vào sản xuất.</p>\r\n</div>', 'Autopro-Honda-MC-b-(2)-ac606.jpg', '2013-11-21', 1, 1);

/*!40101 SET CHARACTER_SET_CLIENT=@OLD_CHARACTER_SET_CLIENT */;
/*!40101 SET CHARACTER_SET_RESULTS=@OLD_CHARACTER_SET_RESULTS */;
/*!40101 SET COLLATION_CONNECTION=@OLD_COLLATION_CONNECTION */;
